GenomeName,A_content,T_content,G_content,C_content,Size,AGTTCTCA_counts,GTTCTCA_counts,TTCTCA_counts,AGTTCT_counts,AGTTCTC_counts,GTTCTC_counts
1000568.3,392795,394093,290141,375526,1452555,2,34,218,88,13,137
1000569.4,456905,339435,237229,424206,1457775,7,35,204,130,23,133
1001593.3,1210375,719841,630635,1114404,3675249,72,274,2122,1245,196,839
1002367.3,694396,666446,649172,567247,2577261,38,142,569,791,189,660
1002368.3,915217,1205373,1127723,912909,4161222,20,146,680,594,119,774
1005995.4,730487,851463,768642,747247,3097839,17,126,596,457,89,501
1006000.3,929620,1206839,1132320,923961,4192734,17,129,596,603,112,758
1008457.3,1047370,542342,393979,906047,2889738,22,75,732,765,75,236
1028805.3,578769,392678,331129,550566,1853142,13,77,588,243,40,226
1030841.3,534270,531345,506662,487733,2060010,1,23,283,74,10,107
1032069.3,584518,269126,180606,481539,1515789,8,16,243,228,14,28
1033730.6,419245,1089832,1160132,424250,3092472,0,11,30,287,70,544
1033731.3,682078,943796,971618,594313,3191805,3,35,244,542,148,598
1033732.3,780173,1068717,1086356,678566,3613812,4,38,271,588,166,639
1033733.3,639637,275659,180746,492365,1588407,10,27,372,272,18,55
1033734.3,1295250,830548,643327,1130842,3899967,36,148,988,693,89,443
1033736.3,450255,1045211,1072621,440892,3008979,7,44,111,375,142,721
1033737.3,1239013,549480,311555,954456,3054504,12,48,542,736,35,113
1033739.3,893735,589907,512658,745994,2742294,14,107,636,201,28,247
1033740.3,830305,540101,450117,703452,2523975,16,108,664,297,36,319
1033743.3,1179912,1222301,1011919,1128516,4542648,15,118,768,518,113,734
1033744.3,612076,313193,221914,486245,1633428,14,39,460,490,57,148
1034345.3,372356,624316,614719,357935,1969326,2,45,146,349,87,578
1034346.3,947637,737027,547715,917354,3149733,22,122,808,378,47,270
1034347.3,1362437,906637,680404,1195304,4144782,48,180,1161,818,152,627
1035188.3,542068,435317,382300,529463,1889148,9,57,368,205,20,178
1035195.3,516116,714508,711282,521157,2463063,8,77,422,299,66,406
1035197.3,571663,492747,514143,543560,2122113,45,120,944,535,150,470
1035839.4,583080,410184,350271,540546,1884081,11,69,548,195,29,190
103855.15,726423,1494498,1568899,744608,4534428,1,27,235,443,98,564
1041522.3,803860,1728631,1731477,784999,5048967,7,61,207,642,182,1019
104628.18,465888,322626,286364,437383,1510929,13,35,326,298,32,89
1049910.3,992164,597329,520812,921123,3031416,80,253,1857,1080,201,731
1049968.3,1042210,637809,562748,967974,3210741,64,255,1877,1102,178,803
1049972.3,1189593,840373,746216,1063506,3839688,69,264,1795,1490,254,1022
105219.7,721502,1393019,1399330,699313,4213164,8,48,194,567,134,884
105219.8,788317,1503975,1508061,762680,4563033,6,63,219,625,140,953
1054460.4,579809,416770,353291,539662,1889532,25,94,788,529,90,341
1069640.6,513363,217290,133976,372784,1237389,8,33,254,273,15,49
1073999.4,828032,1134719,1063499,830163,3856389,6,93,585,396,77,529
1074000.3,666589,956412,901490,652158,3176649,11,78,456,366,87,494
1077285.3,1615317,1273974,1080201,1429164,5398656,48,179,1279,1178,227,836
108486.3,384114,617476,592789,363478,1957857,16,95,294,293,84,477
1085538.3,1011853,612850,534335,940589,3099621,57,229,1730,1029,160,746
1088540.3,1094027,772500,696960,1000135,3563613,83,358,2306,1175,275,1237
1089544.3,1147531,2732606,2675769,1134045,7689807,7,84,234,1017,294,2155
1095767.3,350292,1057049,1072044,373948,2853330,0,6,12,253,82,623
1095769.4,731523,1111767,1098113,689332,3630735,6,51,275,344,65,464
1095770.3,568925,273023,192378,452480,1486806,11,48,443,477,58,157
1095772.3,491948,774000,810853,480846,2557647,28,161,404,650,232,1163
110505.3,780814,1534680,1509261,776429,4601184,15,71,280,534,122,764
1111729.3,484894,797846,806935,499625,2589225,27,149,401,562,197,1029
1116391.3,1536945,2319110,2071135,1433142,7360332,14,169,940,985,239,1806
1118054.3,1047120,1254294,1092815,935986,4330215,11,114,703,364,100,692
1118055.3,694284,311366,208511,523382,1737543,15,34,384,304,31,87
1118056.3,715407,317826,212701,543332,1789266,8,24,394,305,21,65
1118057.3,670621,357476,272483,523168,1823748,18,42,471,474,76,170
1118059.3,394637,411149,409450,353644,1568880,10,57,309,235,60,262
1118060.3,346929,588566,594536,357107,1887138,7,90,339,331,97,622
1118061.3,586390,821614,819712,520575,2748291,6,38,283,447,125,422
1118062.3,620426,285617,196730,469077,1571850,10,29,357,389,27,63
1120926.3,1165019,788806,677229,1120278,3751332,36,139,933,599,84,342
1120933.3,408349,435455,419005,393680,1656489,26,161,614,323,102,654
1120941.3,388596,1029998,1150880,397880,2967354,3,57,159,266,88,443
1120942.4,321987,730038,780833,315619,2148477,9,61,127,283,107,506
1120943.3,411297,994024,1084267,435505,2925093,6,119,309,302,109,755
1120974.3,764291,1008939,1021906,649722,3444858,7,42,225,538,132,554
1120979.4,393115,398474,342703,434594,1568886,25,138,608,517,123,583
1121098.4,1197678,953549,800683,1059834,4011354,30,140,888,854,129,608
1121102.3,605279,277813,186263,504748,1574103,11,20,267,248,21,35
1121115.4,1218950,937291,697109,1014463,3867813,36,177,1067,1079,137,653
1121333.3,961519,496877,312225,850017,2620638,20,49,381,440,42,112
1121360.3,624209,664335,620318,644981,2553843,17,67,392,371,66,340
1121364.3,340038,625242,649738,321650,1936668,6,56,170,286,81,392
1121367.3,463071,636703,600477,462236,2162439,11,50,261,308,69,307
1121485.3,1257273,816515,673011,1085650,3832449,40,156,1146,810,157,558
1122172.3,710228,357820,196560,535668,1800186,6,21,326,349,24,73
1122174.3,768826,386272,208220,583664,1946973,10,38,361,365,26,87
1122247.3,684041,1572635,1548224,664611,4469511,4,71,181,686,152,1107
1122247.4,718155,1640908,1616960,695748,4671429,4,79,201,718,154,1148
1122619.3,622661,577195,494171,656164,2349972,24,82,503,395,62,250
1122620.3,516349,527143,440174,561500,2045043,14,59,338,261,35,139
1122921.3,1376935,1471696,1207524,1324822,5380977,46,202,1074,761,168,876
1122925.3,1047013,1165432,941486,1025864,4179795,13,102,672,535,115,670
1122949.3,639664,303168,206564,516006,1665402,11,41,421,368,28,103
1122975.3,551127,520423,448246,499597,2019369,13,42,474,266,53,161
1122979.3,682454,431388,343919,604886,2062647,21,74,539,450,71,245
1122986.3,789289,716492,669292,683246,2858319,27,129,737,627,134,579
1122988.3,741366,479575,425089,640162,2286177,43,168,846,779,119,465
1123265.3,1541857,1243351,1097320,1371312,5253840,25,120,799,679,105,471
1123307.3,485038,381318,318479,461403,1646226,29,98,674,357,57,256
1123317.5,487133,403905,379642,481146,1751826,29,122,757,469,90,406
1124991.3,792811,915953,831083,777211,3317058,19,107,613,394,78,560
1125717.3,300430,669114,716744,292560,1978848,8,64,129,275,107,490
1125778.3,904744,587710,378936,731197,2602587,29,94,550,491,84,221
1127692.3,757877,484850,418725,638336,2299788,11,47,408,290,38,155
1127694.3,458431,554789,674417,370384,2058021,2,20,189,75,14,144
1127699.3,711213,564672,510726,634239,2420850,14,86,609,341,49,305
1134445.3,557479,1533030,1602005,544998,4237512,3,24,46,378,113,720
1141647.3,1020747,2152804,2237893,1016512,6427956,12,117,322,655,174,1378
1144300.3,492162,387529,329638,476971,1686300,17,58,287,285,47,169
1150591.3,664993,1328503,1302269,665912,3961677,11,55,210,455,93,628
1150599.3,796057,1797629,1802716,761789,5158191,2,82,209,764,189,1369
1155096.3,462717,215734,131860,401170,1211481,13,29,299,331,34,84
1156433.3,526850,402650,360624,490451,1780575,24,93,764,425,77,321
1158607.4,1475891,1081750,853388,1331719,4742748,35,147,1210,704,89,446
1158614.4,1122912,847766,681847,960114,3612639,33,145,912,528,93,444
1160721.7,783949,606757,505570,649767,2546043,90,252,1184,713,167,556
1162296.3,997230,1433654,1362000,997666,4790550,14,107,642,537,110,665
1167628.4,429411,930026,1000549,456453,2816439,18,164,426,330,117,815
1170318.3,397081,695556,741464,414273,2248374,19,126,371,438,155,845
1175313.3,368926,188182,149398,319803,1026309,1,17,207,189,14,52
1177117.3,618919,998994,973864,625351,3217128,6,46,394,299,77,393
1187851.3,601001,1386710,1410153,619094,4016958,1,58,334,529,160,999
1189613.3,645242,390164,329120,562890,1927416,23,104,592,344,44,205
1192864.3,1092602,746238,669530,995600,3503970,77,317,2140,1246,294,1138
1193007.3,1018183,714004,646465,937521,3316173,91,323,2049,1121,277,1117
1193012.3,1047420,770936,702645,953437,3474438,80,326,1942,966,258,1203
1193029.3,1073570,643695,562505,995801,3275556,100,275,1896,1251,229,771
1193069.3,1115218,942833,873009,1018872,3949929,43,232,1632,929,233,1183
1194972.3,868610,1924694,1919071,858691,5571066,15,81,243,795,191,1472
1206720.4,1028228,2231285,2246239,1042009,6547761,12,127,374,693,191,1544
1206729.4,981039,2184559,2202181,979195,6346974,8,92,250,742,175,1388
1206730.4,930984,2085331,2181179,925947,6123441,4,84,210,731,207,1421
1206733.4,1102995,2389405,2495011,1106875,7094286,14,136,379,853,245,1600
1206734.4,853371,1745486,1743543,868900,5211300,7,100,322,588,169,1385
1206741.4,1241269,2625080,2746254,1250694,7863297,10,155,493,902,248,1699
1206743.4,920001,2040614,2030093,946451,5937159,13,103,302,635,177,1342
1206744.4,1110185,2549867,2600973,1117187,7378212,6,106,309,784,191,1766
1206745.3,665926,444778,355281,596839,2062824,8,28,648,125,24,70
1208591.3,714242,1005071,943331,701973,3364617,15,84,474,386,93,492
1208656.3,802548,1186506,1128504,787848,3905373,7,71,472,382,89,538
1212545.3,760005,409515,325853,656308,2151681,10,47,326,208,28,120
1214102.3,921179,1830469,1833848,917704,5503200,15,129,368,850,228,1436
1216961.4,582179,854614,852524,578035,2867352,5,25,232,417,98,267
121719.10,878471,1595405,1611918,926195,5011989,16,172,754,677,162,1160
1217648.3,943736,654122,556511,928998,3083367,29,134,806,624,80,337
1217650.3,1270860,869956,750341,1223340,4114497,33,140,1066,727,102,384
1217657.3,1067772,829755,722602,1057403,3677532,33,120,821,662,91,367
1217658.3,1083823,835155,727318,1067596,3713892,34,124,837,692,92,376
1217659.3,915544,661832,571222,891554,3040152,40,136,808,662,119,384
1217664.3,876251,613538,525480,858128,2873397,30,137,772,655,91,372
1217677.3,841781,698248,624572,839761,3004362,14,77,542,352,44,207
1217692.3,891896,663456,572391,877111,3004854,36,126,739,571,102,365
1217988.3,804460,659557,580215,785698,2829930,14,75,548,571,66,300
1218108.3,1209034,635302,497665,1032729,3374730,27,137,1059,616,85,352
1218173.3,1136561,763292,554328,1028123,3482304,22,133,816,609,75,417
1219581.3,371711,521504,473349,387254,1753818,16,86,244,398,97,466
1219585.3,296709,403375,352251,286067,1338399,5,35,188,145,35,251
1221311.3,747610,620402,547541,736954,2652507,10,69,502,535,58,281
1226323.3,626731,953744,890213,574114,3044802,9,61,391,536,131,576
1226324.3,923226,789617,603856,778698,3095397,33,136,816,751,131,558
1226325.3,1587565,1610107,1235243,1419959,5852874,23,157,1002,665,92,599
1227261.3,326765,660633,700603,307953,1995954,6,57,209,264,98,509
1227262.3,425108,852132,962677,426060,2665977,20,160,383,360,115,648
1227266.3,708300,503711,491336,612845,2316192,13,59,688,510,104,288
1227268.3,799287,397573,227029,594421,2018310,14,37,398,437,37,84
1227272.3,404383,480000,548135,385791,1818309,7,17,218,357,102,182
1227275.3,482330,400384,375319,477818,1735851,30,127,750,461,89,404
1227363.6,414796,334608,281828,383616,1414848,24,90,327,322,64,234
1229781.4,524393,1041871,1201331,502093,3269688,18,84,233,493,192,1015
1229783.3,689174,411995,345993,598382,2045544,25,106,615,358,46,210
1230343.3,1183639,767086,681694,1119594,3752013,27,105,1053,691,99,372
1230730.3,849514,740263,643388,728792,2961957,14,53,365,343,46,247
1230734.3,459388,316690,227152,370212,1373442,18,74,474,287,43,164
1236608.7,466204,369697,329366,463025,1628292,2,20,172,91,8,42
1238219.3,929499,786994,703054,858880,3278427,67,224,1083,862,186,694
1241616.6,847327,443810,342663,715323,2349123,16,63,455,320,31,129
1244083.3,579755,473483,414122,451878,1919238,8,29,207,106,21,68
1245476.3,840887,2163744,2266702,824769,6095604,5,57,151,596,211,1137
1247649.3,590033,1043024,1038941,627315,3299313,6,57,343,314,89,460
1254439.12,386549,569874,576029,354473,1886925,3,58,263,222,57,492
1256908.3,900434,742804,537154,760001,2940393,15,76,448,537,68,303
1261070.4,343497,302668,247572,370091,1263828,9,75,447,283,43,261
1262650.3,880342,464206,356334,749275,2450157,14,68,506,310,30,141
1262684.3,425058,395644,334983,375488,1529583,5,33,245,232,26,155
1262685.3,482420,469911,403788,447802,1800000,13,75,356,166,29,219
1262686.3,422208,164654,100619,328379,1015314,5,15,135,166,10,37
1262688.3,411589,313977,274456,333466,1327650,10,43,271,150,36,195
1262689.3,469769,378936,335647,370719,1546125,3,40,228,280,66,380
1262690.3,692327,391166,309424,570415,1961532,23,73,608,648,72,255
1262692.3,438192,570648,535121,381475,1918764,5,31,186,258,73,299
1262693.3,486996,745849,778887,441422,2444319,3,26,161,524,148,422
1262694.3,617943,839074,851195,529473,2828625,5,27,148,446,108,433
1262695.3,650753,714855,664827,576007,2605533,30,171,719,657,177,922
1262698.3,578645,647024,644847,500156,2367090,26,108,595,561,146,571
1262699.3,885340,758992,560514,713935,2909553,24,102,660,582,99,416
1262700.3,500089,406294,358720,443304,1707333,5,47,354,127,20,169
1262703.3,524814,610882,588322,463612,2177637,17,105,590,278,64,475
1262705.3,421945,417906,390364,380533,1608546,8,59,335,295,43,272
1262706.3,438347,407828,372712,402319,1619904,12,68,374,286,54,288
1262708.3,452066,255808,195640,391712,1294116,9,37,318,308,25,114
1262734.3,434681,427195,376391,399013,1624407,26,124,612,519,136,497
1262736.3,619991,531268,508328,569380,2214864,14,112,679,294,91,584
1262737.3,1357909,1071578,885029,1243654,4547187,34,159,1145,833,158,692
1262739.3,891319,742487,623777,804586,3058785,21,101,671,648,106,488
1262740.3,777303,861316,877972,666544,3173340,20,80,436,692,140,523
1262741.3,908803,723428,619552,801248,3048447,27,111,595,918,162,602
1262742.3,662961,653044,585898,579847,2478147,39,178,904,763,208,821
1262743.3,802407,783181,749134,717724,3047268,14,59,454,563,90,390
1262744.3,884762,817568,761652,782978,3238797,19,59,400,653,112,417
1262748.3,675834,668988,601376,590581,2531838,35,162,795,666,170,777
1262749.3,773957,717837,644003,685979,2816751,18,93,514,546,101,449
1262750.3,1462945,1192821,1008395,1312416,4963053,43,149,1102,1008,176,738
1262751.3,645753,614268,553481,576745,2386818,46,186,954,817,220,847
1262752.3,831116,761655,647634,743332,2976654,28,91,620,594,115,462
1262753.3,633671,574896,569135,568673,2343702,23,137,837,331,86,436
1262754.3,895621,709187,589845,816924,3007917,22,110,657,618,84,430
1262755.3,784187,661892,541573,632212,2614488,43,135,752,776,144,545
1262756.3,762921,651389,491144,651773,2540658,27,150,841,750,100,514
1262757.3,661674,644682,541722,539880,2379684,11,59,287,439,77,581
1262758.3,755545,655007,479422,610304,2491302,16,68,460,571,64,353
1262759.3,697265,394395,322557,564622,1978323,23,94,512,584,65,253
1262760.3,862620,381709,261222,677738,2175876,9,25,368,394,19,66
1262761.3,671947,522762,387888,562724,2143368,29,123,523,429,71,332
1262768.3,426489,172894,102592,337297,1038345,6,15,159,271,19,45
1262769.3,547578,691863,635431,530264,2390052,21,104,591,497,108,558
1262770.3,388537,530484,486136,367939,1764060,5,65,324,202,44,467
1262771.3,407197,161164,90196,310629,965823,5,14,116,156,7,24
1262772.3,390579,170241,103820,288757,948936,6,13,155,197,17,46
1262774.3,745657,664320,464110,636616,2507274,14,63,334,397,64,287
1262775.3,458170,456951,424518,418694,1755117,13,129,404,276,67,474
1262777.3,604937,516084,374836,499761,1988952,20,78,376,421,70,248
1262778.3,452257,494381,459405,396165,1795230,6,51,285,149,30,209
1262779.3,407195,500507,442606,381355,1727940,3,18,290,230,45,266
1262780.3,1067585,513456,294446,835457,2707581,13,44,474,620,36,109
1262781.3,498814,556337,485274,401238,1936716,5,35,181,195,31,182
1262782.3,764700,535125,382743,634701,2304867,10,50,315,403,36,195
1262783.3,640593,557509,493120,576691,2261784,16,104,643,442,78,441
1262784.3,522032,232156,149855,348244,1250016,5,20,198,256,13,60
1262785.3,917638,573182,374324,719200,2578905,35,112,537,584,90,289
1262786.3,704758,555997,391261,588639,2228898,16,73,400,506,65,294
1262788.3,617083,234036,137498,398670,1385979,3,13,197,213,10,44
1262789.3,491620,200175,119828,330744,1138083,3,16,131,218,8,41
1262790.3,803454,722739,499267,703871,2723799,15,93,477,356,45,359
1262791.3,550525,255534,203005,477835,1486278,18,49,490,449,50,142
1262792.3,659112,702794,539768,561737,2447391,23,145,774,473,88,552
1262793.3,452670,186932,114043,358890,1111014,2,8,129,296,14,48
1262794.3,697162,385177,345945,536296,1956885,7,69,591,194,24,180
1262795.3,596721,300925,206535,568328,1670529,6,32,337,250,15,72
1262796.3,550735,213884,124602,364791,1253391,8,25,183,201,12,49
1262797.3,389200,331478,314410,297926,1329474,4,39,226,155,25,197
1262798.3,648812,411567,325788,576217,1960518,38,167,825,664,103,527
1262799.3,644324,259925,156442,434446,1493121,4,15,134,318,11,39
1262800.3,608736,243740,148886,388271,1388901,1,16,197,198,5,39
1262802.3,941252,606409,375003,764598,2682087,14,51,379,438,49,196
1262803.3,560441,600317,587553,477878,2221695,15,115,690,270,79,418
1262804.3,460788,195566,127795,369096,1152858,4,22,173,278,13,51
1262805.3,609980,660189,491734,533850,2280606,11,73,313,407,60,361
1262806.3,537959,199240,113385,390027,1240356,1,6,138,221,9,30
1262807.3,572925,218044,133869,369959,1294038,2,8,113,194,7,30
1262808.3,485977,576513,508450,467968,2025114,7,69,334,209,41,408
1262809.3,468761,203465,126532,382372,1180695,1,11,153,294,10,40
1262810.3,482918,191666,121464,300398,1095054,3,14,148,164,7,41
1262811.3,429732,176365,105747,320291,1031493,2,15,155,207,9,43
1262812.3,607037,236652,153930,379213,1375161,1,11,177,222,3,24
1262813.3,450505,177971,109482,301098,1036194,3,6,108,114,4,12
1262816.3,733951,656835,526189,606904,2519268,7,38,289,344,48,247
1262817.3,490491,188524,112400,376305,1166658,6,12,141,316,19,47
1262819.3,342484,200515,147613,294633,982284,5,22,251,196,25,73
1262820.3,469496,187718,118578,317600,1092729,11,22,138,212,14,44
1262821.3,455664,263351,210035,406334,1334979,20,78,557,421,71,258
1262822.3,587578,227838,128890,398752,1342677,7,16,147,284,20,40
1262823.3,544246,207938,125545,353180,1229160,7,16,171,206,10,32
1262824.3,643081,758647,622440,556558,2567265,9,55,265,336,53,323
1262825.3,757124,603475,384483,651612,2388129,25,70,367,439,54,214
1262826.3,430170,180124,111534,328649,1049205,2,9,103,181,12,32
1262827.3,429844,176260,105147,342481,1053636,5,20,138,219,12,40
1262828.3,783486,610041,407440,676631,2475426,13,66,436,434,66,285
1262829.3,402877,165237,92162,314502,974334,3,12,80,252,9,29
1262830.3,664528,605202,407277,571574,2235033,19,72,328,452,60,261
1262831.3,632388,534029,456974,543062,2164932,15,93,393,310,47,286
1262832.3,887349,749048,589549,759570,2978538,9,68,422,681,76,358
1262833.3,432140,178751,110508,331826,1052922,9,19,187,228,17,44
1262836.3,697768,583737,400448,613320,2281014,17,64,340,321,46,214
1262837.3,404308,167086,111690,316117,999051,4,15,141,175,8,37
1262839.3,488264,205684,139638,299739,1130148,10,27,221,228,15,59
1262840.3,477820,199361,131331,312015,1119945,5,16,195,185,11,45
1262841.3,512304,202014,122130,332283,1168302,3,10,131,170,13,38
1262843.3,610106,305280,238165,502896,1643298,19,106,785,510,47,226
1262846.3,466379,189127,108821,377287,1141221,10,17,138,280,22,38
1262847.3,496672,219772,129727,383556,1219080,4,14,141,223,10,34
1262848.3,590678,432853,345245,489169,1853559,12,51,337,207,26,160
1262850.3,320165,504684,519421,336903,1673268,6,41,174,344,81,423
1262851.3,328935,475249,479752,355987,1633998,7,81,344,289,68,486
1262852.3,340736,575294,578255,350550,1841655,5,88,331,306,84,586
1262853.3,992956,545913,361928,912801,2774142,20,59,439,450,34,141
1262854.3,799749,375168,252141,701013,2119938,11,47,452,358,30,135
1262855.3,417503,192529,131709,351582,1092852,4,20,108,235,10,38
1262856.3,666265,294425,195474,551802,1707486,17,53,457,464,43,139
1262857.3,497433,270357,225524,457459,1449816,8,43,461,310,35,168
1262863.3,649114,520518,366142,528931,2060001,41,116,562,563,93,335
1262869.3,462589,432747,421072,389776,1701087,5,61,344,281,66,351
1262870.3,443758,493363,465481,398760,1797888,9,35,442,165,34,243
1262871.3,368025,235289,164963,342632,1101216,8,33,223,278,26,129
1262872.3,699289,539693,375828,547173,2155350,12,50,318,478,57,255
1262873.3,664288,537671,359271,553470,2110056,21,78,483,472,71,330
1262874.3,519726,484598,422983,546111,1968216,18,85,562,473,83,397
1262875.3,373384,453798,425092,401593,1644213,7,71,313,280,43,387
1262876.3,359849,442411,428509,359420,1585647,9,68,313,283,58,446
1262877.3,366598,343378,296006,403112,1401000,21,108,516,367,73,364
1262880.3,813980,439492,267040,619043,2137734,23,64,428,411,46,141
1262881.3,815642,495661,312763,641951,2259405,23,59,377,494,66,175
1262882.3,500521,413132,360391,428543,1699734,15,109,567,277,72,534
1262884.3,555796,378527,317759,479797,1722945,22,106,549,369,72,344
1262886.3,547566,364189,298371,492704,1701324,19,66,536,287,59,249
1262887.3,821301,560744,365417,684953,2426067,44,82,415,758,83,194
1262888.3,685385,396792,270305,606305,1957050,28,114,545,692,83,324
1262889.3,773938,611461,439289,639839,2462049,18,59,236,350,37,143
1262890.3,586039,336412,254383,518184,1687452,25,68,599,669,72,190
1262891.3,844160,484182,299917,669969,2295411,23,67,444,579,58,159
1262893.3,604364,647591,604811,488697,2331132,37,143,644,529,143,648
1262894.3,480860,397015,354486,395550,1624656,13,98,612,301,69,456
1262895.3,767613,496432,337899,639599,2238366,29,85,416,643,74,220
1262896.3,385585,350149,327430,303789,1365612,11,83,287,274,53,353
1262897.3,547248,795290,716193,498271,2552262,8,48,262,309,72,470
1262898.3,382674,555785,557057,345764,1838028,4,27,142,305,64,322
1262899.3,709542,387055,313611,574226,1980546,18,78,595,544,65,233
1262904.3,464780,179984,110621,385425,1140186,1,15,161,261,9,32
1262905.3,354839,129257,73480,275161,831207,4,5,74,163,8,13
1262906.3,461405,203740,122531,384889,1172307,5,20,168,225,17,57
1262907.3,500213,228477,142609,419046,1289055,9,27,226,464,31,83
1262908.3,498430,214219,140288,432221,1284900,6,14,146,285,18,50
1262909.3,1014791,854830,677003,941419,3482673,11,73,587,388,56,373
1262910.3,412901,630237,600609,396487,2029071,2,57,319,286,52,338
1262911.3,352385,558731,536976,329315,1775091,0,33,234,213,35,274
1262913.3,914395,761391,600914,874974,3134745,20,100,696,654,114,516
1262914.3,583999,528179,403228,576350,2091756,7,51,267,304,32,172
1262915.3,422069,376367,326057,380019,1504395,2,14,66,195,15,91
1262916.3,498021,470550,408287,456688,1819476,13,35,438,241,49,129
1262917.3,560281,595476,664641,490814,2306247,24,125,728,469,145,800
1262918.3,673892,613836,571892,537791,2392857,21,86,423,456,102,412
1262919.3,820364,639111,566706,729139,2741643,36,133,752,681,157,553
1262920.3,716940,681052,627358,581557,2604861,24,110,415,542,109,539
1262922.3,552104,572163,531713,465932,2119758,11,42,329,433,107,351
1262923.3,874165,747536,675643,709514,3001692,30,159,701,654,124,565
1262924.3,589564,585366,556531,499891,2227149,35,126,693,333,87,488
1262925.3,634295,580134,543372,557266,2313201,38,139,687,744,180,605
1262926.3,606121,631117,672016,519324,2425953,20,61,402,589,142,414
1262927.3,534441,575121,600892,462713,2168277,17,81,611,359,72,310
1262928.3,717375,694169,621830,567887,2588598,25,155,799,598,142,683
1262929.3,628601,644921,639464,514869,2423250,28,132,549,788,201,727
1262930.3,661877,623402,624780,564140,2470572,22,77,511,451,74,268
1262931.3,666864,616505,572925,508309,2359401,39,149,795,553,142,592
1262932.3,648998,541804,467148,595668,2248278,41,151,882,708,157,596
1262933.3,541539,525096,506649,492807,2059401,20,51,341,308,46,195
1262934.3,737876,667558,605293,666596,2673588,37,133,817,946,207,647
1262935.3,466013,555179,611919,410129,2036829,19,65,358,319,79,302
1262936.3,577602,550547,612660,481813,2216640,14,57,365,246,54,282
1262937.3,599555,544137,543201,540646,2220120,19,71,396,420,68,279
1262938.3,605278,621196,607886,555470,2388945,22,104,609,502,126,512
1262940.3,919797,726553,515872,778978,2929698,28,102,642,666,99,359
1262941.3,711152,615698,449531,599880,2373624,13,55,280,408,77,296
1262942.3,703771,659518,487090,573387,2407062,13,41,242,314,43,223
1262943.3,744385,587078,412365,633171,2367063,18,75,415,505,78,299
1262944.3,814529,614835,422388,643174,2482965,17,51,334,521,68,247
1262945.3,683685,564768,409882,566873,2207730,14,71,357,359,57,297
1262947.3,729171,557487,394070,601594,2277144,12,39,251,451,41,197
1262949.3,764449,653240,475842,652737,2538171,13,71,371,457,55,260
1262950.3,579452,413685,360236,507017,1857990,37,273,1043,438,110,687
1262951.3,769076,662209,520636,647438,2592849,34,113,726,824,137,531
1262952.3,493284,510510,497576,407872,1905069,37,184,697,499,148,810
1262953.3,570754,505344,435651,508100,2014272,8,96,606,419,64,465
1262954.3,555636,620414,568631,486587,2226531,12,97,612,531,126,569
1262955.3,630877,563378,529799,535210,2254029,46,213,843,618,153,668
1262957.3,463810,442055,433452,402894,1731141,7,118,630,185,54,492
1262958.3,560473,500073,429063,516050,1994541,8,54,488,332,44,270
1262961.3,607343,498684,441752,531809,2076939,33,281,1316,415,101,862
1262962.3,679298,536367,446646,567481,2219646,85,234,1111,668,165,518
1262963.3,599875,588592,533280,471583,2185068,21,83,446,309,110,411
1262964.3,795996,708433,570549,688517,2751390,27,136,744,643,84,360
1262965.3,633231,411398,324859,552702,1905405,30,134,702,518,84,351
1262966.3,439694,416883,381219,373687,1607016,9,107,650,151,48,499
1262967.3,786635,617289,456498,658042,2514882,28,123,752,790,106,478
1262969.3,572546,267024,174859,511485,1525398,9,46,264,235,18,75
1262975.3,422609,600118,584308,425261,2013768,10,143,738,333,87,830
1262976.3,376172,514948,502901,370243,1758045,14,175,840,211,56,498
1262977.3,423389,413603,376946,442569,1650024,27,126,548,324,70,365
1262978.3,1100016,731029,589176,986249,3393468,27,135,1017,658,120,531
1262979.3,952381,660175,528336,863002,2999160,42,157,1002,645,141,565
1262980.3,743989,607825,485512,692517,2525142,12,71,305,362,52,291
1263036.3,449984,540518,527160,404450,1917642,9,45,263,270,78,327
1263037.3,1231758,970270,807463,1117540,4121208,39,138,1011,887,168,646
1263038.3,1581134,1295214,1092622,1461354,5412177,50,175,1230,1171,207,803
1263039.3,944965,828969,736829,847938,3349185,35,121,622,675,140,580
1263041.3,724835,660532,586667,662146,2628402,28,115,633,598,118,461
1263043.3,931103,794593,693668,846085,3259059,25,109,639,686,123,545
1263045.3,958524,769950,632531,874744,3232029,30,117,768,678,139,562
1263049.3,1028975,823298,698069,946116,3487926,29,113,809,750,126,510
1263051.3,714931,580252,408832,613602,2314734,51,144,706,590,120,378
1263052.3,855311,759853,633008,768793,3010299,32,123,727,610,91,453
1263055.3,1089882,978859,885165,969749,3913716,28,102,623,843,180,663
1263061.3,858335,813689,554860,757024,2970210,32,153,879,664,127,526
1263062.3,668027,432379,311168,543853,1951536,19,65,366,450,67,229
1263063.3,1037929,461683,295261,754518,2547831,11,49,512,576,30,123
1263064.3,1296320,1392826,1087996,1131806,4895601,29,181,1124,631,106,585
1263065.3,1049924,1132592,890112,916436,3973359,19,129,864,531,80,497
1263067.3,1357115,1430367,1085935,1205682,5066013,26,161,883,803,135,892
1263068.3,620578,684203,582284,584359,2466450,10,100,605,261,50,376
1263069.3,759743,578832,364208,612386,2311047,18,74,445,409,51,252
1263070.3,680390,558403,399970,548906,2180946,11,67,371,477,53,305
1263071.3,780551,647898,447252,626602,2495028,83,276,1016,708,176,602
1263072.3,447120,413263,325133,412953,1590321,14,69,364,278,54,325
1263073.3,763445,589652,403622,621168,2370252,18,59,424,650,64,231
1263074.4,696986,546135,380134,537000,2148885,23,76,358,493,49,240
1263076.3,578482,403532,281672,528667,1780893,4,37,342,153,20,123
1263078.3,765625,530600,378396,636624,2304786,32,104,586,714,103,394
1263089.3,923761,723502,560604,862051,3065007,17,78,764,450,80,368
1263094.3,911274,824351,713206,836904,3274137,25,84,476,619,126,545
1263100.3,594184,372302,251222,459208,1673145,20,58,377,533,51,145
1263102.3,698646,630668,563853,625303,2514906,30,148,842,810,185,699
1263105.3,835855,656186,470143,693818,2650020,18,73,371,506,62,291
1263106.4,767722,650272,443434,620796,2476200,20,107,531,582,82,369
1263107.3,733763,577273,432527,616027,2348256,26,99,671,692,95,362
1263108.3,683216,548307,366108,545209,2136948,20,77,420,490,97,373
1263111.3,523143,688178,690322,558333,2444730,19,147,872,417,102,669
1266729.3,593010,1049926,1045786,631003,3319725,6,58,348,320,87,457
1266996.3,262847,91144,73593,213330,640914,5,13,131,178,13,31
1280954.3,664654,1132583,1133598,673311,3604146,18,120,490,409,105,660
1282664.3,605059,433434,371859,549821,1960173,35,123,832,570,108,408
1284680.3,356185,502671,515835,395195,1769886,28,149,555,411,126,605
1284686.3,628933,342487,267426,491470,1730316,12,36,372,325,36,110
1284708.3,587323,341524,247783,458733,1635363,19,69,392,390,63,205
1284775.3,673491,626737,580833,550109,2431170,22,108,634,330,79,429
1286.18,794418,454454,383061,659623,2291556,11,73,682,338,29,169
1287475.3,414089,912933,938431,407676,2673030,4,29,104,276,82,581
1287488.3,712213,585563,514193,637270,2449239,23,121,688,557,101,410
1292035.3,1253137,542260,317325,944602,3057324,29,74,580,751,71,163
1292036.3,1100055,483950,283153,833124,2700282,24,63,500,681,65,145
1292048.3,112952,164514,157582,111453,546369,2,11,83,49,6,60
1292373.3,318655,558843,593777,310959,1782234,16,87,235,282,91,471
1293911.3,341167,242580,202721,360582,1147050,17,62,478,210,32,185
1299327.3,930831,1884382,1853065,943231,5611509,14,104,384,687,146,996
1299332.3,888883,1714227,1685668,908329,5197107,15,106,346,570,143,1016
1299333.3,772311,1524328,1485834,776501,4558974,11,60,240,508,102,735
1299334.3,794440,1585036,1538633,803318,4721421,10,59,249,518,97,753
1300143.4,1310983,820220,704052,1078788,3914043,41,168,1157,922,119,457
1302425.3,1165253,538493,317805,890285,2911836,23,51,517,705,45,143
1305739.3,641665,1286176,1231967,661820,3821628,2,77,241,421,86,667
1313.10302,851302,602023,491696,780926,2690349,41,165,1034,693,125,507
1315976.3,717500,873811,777883,740318,3109512,16,85,359,367,68,428
1316408.3,568817,426809,381325,524266,1901214,21,99,790,426,76,336
1316409.3,504218,330679,281176,491075,1607148,12,51,595,469,48,169
1316414.3,851584,619311,517719,764432,2753046,18,99,733,464,62,304
1318617.3,218011,89865,74719,188701,571296,1,3,54,94,1,8
1318743.3,359009,262880,214601,374790,1211280,25,75,554,292,52,224
1319815.3,1080513,503478,294986,869710,2748687,43,86,773,891,92,218
1320556.3,868986,1529682,1583743,876044,4858455,8,109,461,512,131,1007
1321772.3,498610,399710,358987,472406,1729713,12,59,423,153,27,191
1321778.3,1517211,836694,561121,1233014,4148040,53,108,945,1194,129,316
1321779.3,785844,403447,238688,565869,1993848,12,39,352,582,31,89
1321781.3,471043,633437,580751,429085,2114316,10,64,388,248,56,481
1321784.3,602777,402847,279195,529125,1813944,16,56,444,297,51,190
1321814.3,468252,314859,202867,353066,1339044,18,75,410,261,52,179
1321815.3,647129,503191,460207,573926,2184453,4,43,268,169,28,154
1321816.3,383206,387006,334050,423311,1527573,24,132,594,502,114,552
1321818.3,420928,851662,957513,424963,2655066,15,154,367,364,111,668
1321819.3,875137,783889,688068,746530,3093624,20,93,664,507,107,518
1321820.3,514693,256105,169250,416684,1356732,9,32,294,271,29,108
1325130.3,636778,394204,349766,548228,1928889,5,15,777,92,14,31
1338011.4,1327065,775489,628244,1111350,3842145,33,126,1134,923,115,392
1341646.3,1016215,2068113,2079095,1007277,6170700,12,128,350,896,226,1651
1348662.3,360780,536912,539057,374393,1811142,8,56,173,279,60,321
1349822.3,962752,663322,529124,872123,3027321,45,155,1014,661,134,540
1354300.3,517420,258625,159683,404267,1339995,11,41,284,323,32,107
1354301.3,1395837,741195,473230,1129538,3739743,45,113,914,1157,108,283
1355371.3,898626,373647,241013,735424,2248710,33,56,684,763,80,131
1357399.3,524729,428365,392460,467304,1812858,2,16,378,89,9,41
1359168.3,307354,142173,110447,273413,833387,8,22,178,235,24,53
1359174.3,215579,100457,78862,182382,577280,3,14,135,133,15,53
1359184.3,569214,267283,204111,462321,1502911,11,36,296,306,35,84
1370125.3,942216,1848166,1866942,929381,5586705,21,167,486,791,205,1633
1376.123,504454,384646,361361,463499,1713960,20,71,476,311,73,246
1384484.3,443936,796695,807865,440523,2489019,4,66,316,457,114,798
1394178.3,1183045,2981394,3075455,1161033,8400927,8,93,229,884,267,1900
1401063.13,428048,662770,644016,421695,2156415,12,144,315,365,92,693
1401064.3,389628,603158,589083,401539,1983408,10,98,316,336,85,492
1401065.3,545118,551949,459017,585826,2141910,12,59,330,288,40,152
1401067.3,516636,349156,257585,471345,1594722,16,55,251,215,37,164
1401070.3,1064943,607836,475821,923532,3072117,38,138,1112,801,108,398
1401074.3,723704,621352,562915,611057,2518806,26,138,679,527,122,508
1403948.3,451561,521700,479507,428166,1880934,11,54,250,383,81,342
1407647.3,595214,497369,451094,549372,2093049,11,50,403,147,29,213
1408438.3,539732,406530,355759,505740,1807761,25,85,559,377,62,238
1408452.3,719022,1480388,1468343,710063,4377816,9,58,219,528,142,890
1411022.3,421781,510434,556141,370156,1858230,9,29,229,291,84,199
1414851.3,649304,469624,382282,642230,2143410,19,82,587,330,48,243
1415775.6,1179299,526873,304720,888563,2899455,25,61,674,820,55,150
1418104.5,1467946,696672,423665,1155117,3743400,26,80,803,914,72,213
1423749.3,490060,383099,326717,477589,1677132,17,58,281,298,46,175
1423763.3,612028,376620,308418,563090,1859790,17,70,537,457,40,148
1423784.4,651957,517246,479075,597231,2245374,27,120,704,374,64,325
1423802.4,436740,299499,258373,408989,1403571,16,51,412,332,44,134
1430899.3,798729,542170,430742,726927,2493537,17,55,413,381,53,194
1437453.6,984070,2503234,2665108,948633,7101045,7,45,158,671,202,1105
144183.3,386883,694319,711993,353119,2146314,5,26,145,313,90,388
1443120.3,900860,403833,241130,669482,2215305,21,56,401,581,49,144
1447715.5,340767,559461,577895,293515,1771638,0,38,126,226,60,431
1447716.4,447611,588753,572463,424123,2032950,6,56,302,233,47,449
1451189.3,443159,747279,778838,416273,2385549,10,114,321,397,125,721
1459803.3,887560,731180,571598,816742,3007080,11,81,545,370,78,448
146827.5,491122,718554,750697,495421,2455794,19,125,385,527,141,567
1476577.3,183016,160488,125873,166539,635916,7,18,128,101,18,57
1489678.3,370304,864633,858265,371442,2464644,1,33,217,257,45,234
1497681.5,903152,762392,568872,807464,3036444,21,83,463,428,70,345
1501391.3,445093,583861,552084,384415,1965453,7,33,183,262,77,306
1507.3,517985,805462,813405,461463,2598315,12,61,334,378,108,385
1515746.3,953419,957103,860684,938372,3709578,29,124,670,491,94,428
1519438.3,738791,877546,706967,605902,2929206,22,104,653,416,104,475
1519439.3,510647,681399,680577,444430,2317053,7,62,454,363,79,469
1525715.3,433200,1052705,1044097,432573,2962575,0,9,88,353,84,531
1525717.3,468425,1111110,1098573,464122,3142230,0,17,97,377,92,577
1544413.3,377413,677719,678735,399532,2133399,18,85,423,362,108,455
1544416.3,367131,715991,708715,381024,2172861,10,63,274,332,109,489
156976.3,449370,734973,694883,461650,2339397,13,39,217,367,85,358
156978.3,407978,727267,754754,380602,2270601,4,23,152,346,96,320
1572646.3,1196762,798455,637592,1069023,3701832,35,162,1125,729,129,573
1575.3,464324,722660,733087,458305,2378361,14,122,442,356,114,836
1577792.3,1341300,620291,370263,1029259,3361113,20,80,761,822,49,190
158787.3,481021,856208,888346,434615,2660181,1,26,133,393,100,705
158879.11,860196,450656,349104,725137,2385093,15,61,459,335,34,133
1601.5,568858,436621,374324,521168,1899168,12,45,284,315,30,105
161899.3,476320,737687,778560,497640,2490198,13,150,491,439,127,736
1641401.3,446346,925243,995236,435823,2802648,9,131,261,387,130,1193
1643450.3,729147,1313642,1423584,730642,4197015,10,140,538,658,187,1234
1661.15,364712,495772,498353,410920,1769757,22,134,608,426,105,503
1676614.3,957486,812299,733627,773530,3276942,36,177,753,715,133,624
1696094.3,568938,570243,581186,503046,2223413,6,28,381,87,19,131
170187.11,569901,410443,350675,544998,1876017,33,115,802,586,110,381
1711.3,342834,676102,729225,349847,2097321,17,116,292,255,100,710
1725.5,368544,817545,843144,360524,2389757,4,33,102,293,89,500
1732019.3,513417,1116231,1139264,512960,3281779,0,24,90,363,94,685
176279.9,800671,403967,320947,672773,2198358,25,93,623,390,59,201
1778.10,1153183,2346261,2318376,1122584,6940404,18,153,440,876,232,1459
1784.14,910218,1819276,1810490,909837,5449821,9,97,325,642,161,1026
1807.13,951739,1996296,2034505,948910,5931450,13,125,352,825,228,1770
188626.3,413264,896953,946243,400949,2657409,8,65,147,359,104,760
191610.3,354201,685841,680153,348194,2068389,3,37,170,331,82,425
199.248,579057,364085,287765,473501,1704408,7,18,322,145,14,35
203275.8,826000,760362,679999,725773,2992134,17,98,542,329,90,432
2047.9,473754,598355,579053,494627,2145489,41,196,717,481,149,724
205920.11,330607,169372,119154,296008,915141,8,33,256,242,28,87
212042.8,305810,273295,184494,311241,1074840,23,59,414,328,52,196
213810.4,523126,638419,564723,473341,2199609,2,34,404,282,47,307
216594.6,997523,1986026,1942505,1013271,5939325,13,112,438,700,157,1057
224914.11,584571,849713,828108,616123,2878500,13,175,765,299,66,764
225326.4,429317,981733,1013198,410458,2834661,3,24,79,333,98,608
225992.4,669018,1010737,993212,645108,3318075,7,43,254,483,79,327
242619.8,520435,502622,476636,479305,1978998,15,55,436,321,72,311
243273.25,199533,93049,81818,176202,550602,3,11,138,173,13,46
243276.5,232310,299959,249561,263304,1044963,12,56,392,190,48,276
244292.6,989875,1997143,1992835,972455,5952308,12,101,339,723,173,1165
245012.3,460767,505750,397383,391088,1754979,18,113,570,381,82,421
245014.3,792623,792000,637207,657687,2879517,31,137,573,727,186,967
245018.3,953711,601913,414741,728618,2698983,30,73,501,674,67,228
246787.4,1904569,1531511,1284040,1745951,6466071,65,216,1459,1462,255,948
247156.8,763232,1827709,1913119,753425,5257485,3,46,127,600,133,983
253.10,1742464,1057859,892662,1440960,5133945,66,260,1878,1236,180,672
257309.4,491889,589202,584819,503042,2168952,36,152,543,472,119,595
264199.4,453286,323519,278126,452464,1507395,23,109,700,409,66,292
267671.5,1176934,697846,610428,1093603,3578811,91,290,2167,1296,241,854
267747.3,421802,667617,678114,461992,2229525,22,155,440,359,126,745
2702.92,447551,357420,287916,438504,1531391,13,70,428,415,42,251
272620.9,1004258,1463760,1392089,1006379,4866486,14,118,667,558,108,673
272633.4,478397,176791,139552,398612,1193352,18,43,465,491,37,74
272944.4,371555,188957,149810,321216,1031538,4,16,212,201,15,47
273121.8,518465,503880,466852,494514,1983711,10,68,919,226,73,276
273123.10,1044137,1062054,936985,1059330,4102506,27,165,822,594,120,701
279808.8,832480,429459,342952,706165,2311056,20,78,680,422,42,162
28083.5,968757,768634,705732,926624,3369447,31,118,817,502,90,412
280871.6,934062,1860051,1901900,915171,5611184,17,86,292,861,216,1273
28116.7,1775161,1381422,1141558,1601155,5899296,44,161,1282,1145,195,823
28141.40,879170,1226156,1148086,860092,4113504,14,142,713,450,105,633
283165.4,341885,257748,217778,361382,1178793,15,86,520,207,37,232
283166.5,432513,316651,266787,446426,1462377,24,105,706,278,58,313
290338.8,931692,1196906,1084550,930782,4143930,13,136,681,507,107,773
290434.5,343544,150018,107013,302272,902847,2,21,285,280,22,65
291112.3,1209659,1002409,851254,1189421,4252743,39,194,1190,701,127,625
29311.21,692666,1287414,1242390,713662,3936132,15,91,314,489,109,724
29379.8,633236,378573,337287,528730,1877826,14,70,529,224,31,168
29385.56,749192,395704,317913,635313,2098122,6,52,447,245,19,138
29388.43,798859,414415,332525,674930,2220729,25,93,697,410,59,192
306264.5,569674,331711,240779,510860,1653024,9,30,458,165,19,50
306537.10,419633,669918,662556,385063,2137170,6,43,147,393,98,405
314723.4,313038,154691,102926,284687,855342,7,17,247,259,31,66
317018.4,434664,885635,919979,415430,2655708,9,52,146,394,147,630
322095.3,461391,549981,627099,448188,2085459,9,27,287,424,124,242
324831.13,567168,336400,264435,522224,1690227,19,53,468,411,42,137
326426.4,422892,606668,626824,411351,2067735,4,41,237,285,80,566
33033.4,556850,260910,152943,460603,1431306,8,28,302,337,29,92
334390.5,439021,461502,465165,382559,1748244,4,32,149,291,36,191
334413.6,691006,338382,239233,519388,1788009,28,66,432,387,57,142
34062.3,658969,528895,501198,601351,2290413,5,55,302,127,13,94
342002.3,659562,1388771,1385281,666182,4099796,7,65,205,586,135,905
342451.11,763252,408126,319728,650840,2141946,14,55,411,268,31,135
349965.6,1001981,1029379,903439,1039082,3973881,32,168,835,594,120,553
349968.5,904397,975074,869777,922482,3671730,28,116,675,569,132,521
355276.3,998280,699538,630684,908594,3237096,74,311,1967,1002,255,1080
357244.4,580772,275113,210752,478504,1545141,9,48,377,351,31,95
360106.6,592099,319772,234371,486451,1632693,20,48,301,424,43,93
360107.7,550515,281230,210830,448410,1490982,13,24,318,186,24,57
367737.6,868390,352391,237587,709432,2167800,31,53,747,693,62,110
370622.3,632619,1237934,1248287,662006,3780846,3,92,375,375,99,826
38301.3,450475,694041,732246,471317,2348079,16,141,475,440,127,635
40041.11,530927,420310,349162,518060,1818459,7,57,500,168,27,151
401472.3,365976,675008,682752,339670,2063352,10,29,177,287,81,397
40335.7,937747,595015,525645,893578,2951541,24,93,838,562,98,342
405946.3,1028171,622007,452271,875047,2977496,25,95,606,563,61,287
408015.6,751932,1891489,1972090,727996,5343507,5,73,172,564,155,983
411459.7,1005234,771155,573069,828178,3177636,33,127,874,879,124,484
411460.6,759954,605705,406251,603256,2375166,21,82,467,543,103,401
411461.4,887877,677291,471483,716521,2753172,19,72,504,718,76,290
411462.6,830384,637610,438758,636936,2543688,22,73,438,595,64,262
411463.4,891802,527507,344925,692982,2457216,30,86,484,612,52,170
411464.8,412405,717561,776118,414530,2320614,2,12,70,270,72,295
411465.10,585122,273893,161605,479992,1500612,8,24,302,357,27,90
411466.7,336876,644661,712491,350526,2044554,7,78,209,265,101,665
411468.9,919320,853555,631433,736620,3140928,19,80,491,675,90,357
411469.3,905203,619991,437230,741716,2704140,32,108,665,797,113,426
411470.6,964867,796133,549993,772149,3083142,22,115,639,715,115,466
411473.3,687470,684791,610282,591634,2574177,24,103,588,580,108,550
411474.6,823100,688043,479638,656752,2647533,79,275,1062,733,174,607
411475.3,628295,1028207,1006873,596785,3260160,5,61,489,550,136,565
411477.4,1068710,959258,825808,967903,3821679,25,93,568,747,151,627
411483.3,555664,740183,726093,499062,2521002,8,58,267,506,83,402
411486.3,853986,921235,719648,709929,3204798,36,211,972,634,152,774
411489.7,801050,628555,442854,667263,2539722,21,82,499,586,75,331
411490.6,979413,834937,616625,784725,3215700,29,100,702,645,113,440
411901.7,1205170,945500,785489,1091239,4027398,32,128,1002,840,150,633
411902.9,1532391,1618035,1263571,1324946,5738943,35,234,1288,790,148,769
411903.6,382015,620761,631047,396538,2030361,7,57,213,407,97,537
412418.11,388142,173870,111574,346915,1020492,12,26,268,302,37,84
412419.20,500625,232643,143860,433026,1310154,17,36,319,350,56,117
428125.8,694060,762641,653373,643044,2753118,8,96,625,283,55,409
428126.7,825042,389647,239022,714881,2168592,8,32,283,293,22,80
428127.7,604276,429659,303802,547103,1884840,3,42,369,176,23,144
431947.7,524218,506447,480273,480639,1991577,14,56,438,339,84,335
435832.3,481645,465649,495988,431916,1875198,4,37,204,112,16,173
435837.3,702860,346328,270822,603959,1923969,17,62,539,284,41,151
435838.3,739138,387239,308657,633268,2068302,26,94,676,402,58,191
445970.5,486558,564018,554925,425178,2030679,11,56,282,306,79,375
445971.6,729899,398175,277954,547473,1953501,20,69,464,389,70,253
445972.6,720081,939175,832821,709328,3201405,11,101,595,295,59,444
445973.7,1016403,455506,291701,739860,2503470,8,50,526,561,28,127
445974.6,1011077,547887,359285,922346,2840595,21,65,473,469,36,143
445975.6,312908,544476,571443,305425,1734246,8,59,189,360,103,547
44742.4,625734,999857,1011540,620503,3257634,7,53,414,308,55,317
447454.3,348673,206242,131739,286915,973452,6,22,161,202,14,63
447456.3,113026,78049,61668,100555,353298,1,7,54,83,7,25
449673.7,995908,875174,787531,866612,3525225,26,102,591,706,143,574
450749.3,572876,415289,332930,556386,1877481,7,73,319,421,55,333
457396.3,1267327,583366,325059,980230,3155979,21,47,584,790,40,107
457398.5,561001,914051,925775,559252,2960079,5,54,378,250,44,298
457402.3,857279,582224,431596,754978,2626077,17,62,552,352,58,220
457405.3,903726,381221,215784,697738,2198469,20,70,508,577,42,141
457421.5,1475037,1629374,1283205,1282522,5670138,29,151,789,607,103,511
45979.3,1228321,2747274,2693802,1290143,7958433,12,126,419,791,190,1575
469378.5,318279,376008,332770,352490,1379547,9,58,334,195,35,233
469595.3,1037552,1231708,1119053,1040689,4428999,15,154,755,629,109,800
469596.3,1208120,634271,428745,1091960,3363093,63,174,1393,802,112,345
469599.3,860640,373451,227590,659463,2121144,25,78,690,701,58,163
469610.4,581336,563876,559643,558021,2262876,31,190,953,700,168,854
469613.3,990471,1019430,917685,1010235,3937821,30,201,970,645,127,795
469615.3,566869,309728,192020,464425,1533042,25,69,533,409,52,164
469616.3,948191,453065,250177,726976,2378406,31,81,676,674,86,215
469617.3,1159211,571405,347391,875553,2953560,32,108,969,1076,96,278
469618.3,1118964,529696,311763,851744,2812167,34,101,818,991,82,231
470.1295,1163578,819867,711001,1133074,3827520,31,142,946,885,129,462
470145.6,1107014,856802,713629,980617,3658062,38,147,907,949,137,563
470146.3,816042,659921,480815,655949,2612727,15,84,489,577,68,375
470934.10,894377,1346187,1284648,869149,4394361,10,64,582,478,102,435
471870.8,1584325,1278273,1082485,1440571,5385654,40,165,1217,1162,189,788
471871.7,1352838,611046,362348,1029193,3355425,25,53,584,819,61,170
471875.6,735688,607397,411736,593864,2348685,21,92,455,640,88,356
471881.3,932957,647695,557001,915552,3053205,35,128,972,439,83,423
476272.21,936880,878664,602107,818344,3211152,39,161,933,696,139,555
478749.5,1056131,1151830,851905,903116,3962982,11,66,486,367,56,427
479437.5,555236,1034004,993611,531212,3114063,8,85,287,594,147,1171
480418.7,509428,771855,725168,540294,2546457,13,94,287,329,80,495
483215.6,1273139,1038483,859255,1135596,4306473,36,146,965,884,158,712
483216.6,1053973,897979,787303,938727,3677982,26,125,738,781,135,620
483217.6,1426294,1127562,920084,1296441,4770375,42,163,1036,924,155,660
483218.5,824753,664603,467852,695011,2652219,56,152,729,691,133,413
484018.6,1128262,973509,805861,1009684,3917316,46,164,967,865,151,605
484020.3,364625,590610,603123,318460,1876818,4,48,146,248,70,560
486410.3,557638,391629,344022,537077,1830366,22,93,655,366,71,278
487514.18,819294,1676819,1657312,803946,4956930,6,88,271,606,142,995
487521.10,792611,1696756,1706349,773844,4969560,4,60,196,579,150,967
500632.7,1092579,810893,532634,868046,3304146,30,105,635,605,83,369
500633.7,800166,405183,248372,575917,2029638,19,67,605,721,46,159
500635.8,466222,647044,670398,404029,2187693,2,32,207,431,101,464
500637.6,1931237,1499920,1312733,1873663,6617553,101,357,1761,1114,255,1118
500639.8,881257,1196288,1128451,856049,4062045,13,116,536,536,116,714
500640.5,1028945,1263212,1151504,1028562,4472220,17,135,692,544,107,774
504.11,520898,475288,426283,474332,1896801,3,26,136,71,9,89
511680.4,762757,497093,354107,619372,2233329,18,69,397,485,67,252
512402.5,757434,1634638,1605849,750826,4748747,6,62,192,594,133,1015
515619.6,939076,729976,526898,765917,2961867,28,84,686,441,65,234
518634.7,397051,573265,589957,386763,1947036,3,40,230,262,61,524
518635.7,357216,517791,521040,330681,1726728,2,39,195,204,47,453
518636.5,1169610,1598223,1329532,1052798,5150163,25,156,917,604,146,804
518637.5,726482,424024,286555,648869,2085930,15,62,504,365,38,148
519441.6,630485,254442,139420,475641,1499988,8,26,276,363,17,66
520999.6,981906,782012,686789,944132,3394839,46,176,932,593,125,576
521003.7,269465,461637,488893,279243,1499238,6,84,231,277,88,591
521095.6,341616,330825,299906,386818,1359165,19,69,555,471,97,360
521097.5,711625,465390,439321,608476,2224812,21,69,752,444,72,239
521393.3,357550,829906,979129,358782,2525367,5,63,164,252,79,436
525245.3,367077,391373,369642,385240,1513332,24,106,512,435,90,347
525246.3,322680,718119,765862,341888,2148534,3,52,144,250,76,348
525247.5,440115,306096,249556,404435,1400202,22,64,564,288,68,248
525254.4,686105,369539,285897,529706,1871247,14,37,383,356,35,114
525255.3,676578,360114,272688,519408,1828782,11,36,409,490,63,140
525256.4,332200,274017,246731,349455,1202403,11,62,437,209,23,160
525257.3,1627879,989809,832659,1344067,4794414,60,210,1671,1221,168,585
525260.4,410999,618703,648929,412642,2091273,7,47,180,288,67,256
525263.3,320247,580443,615279,306927,1822896,9,79,225,288,99,513
525264.4,425703,641434,682159,432055,2181351,14,82,278,389,102,432
525268.3,446807,673733,709903,456793,2287236,13,134,392,503,130,579
525309.3,475684,515978,497003,427579,1916244,7,67,264,311,35,272
525310.3,775715,561440,488250,733961,2559363,25,115,712,411,61,312
525327.3,634430,456803,390503,600777,2082513,23,88,580,335,47,240
525328.4,390643,213842,154254,362274,1121013,3,12,187,190,13,44
525329.3,464307,270226,206788,434080,1375401,19,46,320,358,32,87
525365.3,612231,383480,307831,580101,1883643,22,60,485,419,51,166
525366.3,459637,340215,292383,435644,1527879,14,60,422,431,83,300
525367.9,716857,518986,447436,592968,2276247,9,41,373,320,36,174
525368.3,837931,1838242,1845212,816227,5337612,8,62,205,590,148,1025
525371.3,474926,1251292,1258531,509879,3494628,0,4,42,274,48,255
525372.3,1433590,1005187,848379,1244359,4531323,34,156,1023,715,99,448
525373.3,1388177,973579,819235,1210439,4391430,30,136,1009,681,101,438
525897.5,706371,1023617,1052951,685919,3468858,15,98,534,379,86,476
525919.6,649887,359928,280897,484079,1774791,20,36,444,464,63,136
527012.3,1084802,1110887,975756,1124264,4295709,25,152,906,651,120,554
52773.3,306216,589563,614859,315132,1825770,6,78,197,187,71,501
529507.6,1045428,740820,643658,1014907,3444813,29,112,930,371,66,335
536231.5,1136446,923205,657863,928503,3646017,12,71,424,578,74,310
537006.5,1085834,964577,830417,981660,3862485,29,112,557,751,143,608
537007.6,893571,630984,431376,733785,2689716,17,102,782,502,71,340
537011.5,804228,709822,626884,716890,2857824,41,192,981,892,185,746
537012.5,1690772,1373532,1149959,1558454,5772717,54,195,1310,1289,217,837
537013.3,621251,679939,684017,530563,2515770,22,132,866,352,104,642
537970.13,495530,277482,212781,451096,1436853,7,40,573,183,25,90
537970.14,523539,292133,224699,475970,1516341,7,43,603,186,25,94
537972.5,587561,334040,255182,518373,1695156,13,51,578,158,28,96
544580.10,414235,869595,982126,418117,2684073,15,134,325,339,115,614
545696.5,795025,885989,750511,730922,3162447,21,108,633,527,83,523
545697.3,1201106,556364,304677,943529,3005676,20,57,555,687,37,119
546263.3,452287,505923,549331,384343,1891884,1,20,130,79,6,116
546264.5,483007,465468,485666,430797,1864938,7,47,223,127,23,190
546266.6,541076,537407,592667,454050,2125200,4,39,211,107,24,219
546267.4,412859,439941,455259,356650,1664709,2,29,144,75,15,137
546268.4,503103,481718,505716,452191,1942728,4,37,222,120,20,191
546270.5,618985,302751,209769,487094,1618599,8,33,489,509,24,96
546271.3,484972,682620,624775,442579,2234946,10,62,404,378,91,515
546273.3,552356,392740,327515,529825,1802436,15,71,268,410,66,346
546274.4,406823,484313,555487,355831,1802454,1,13,144,82,16,103
546275.3,913083,384022,232165,696577,2225847,17,80,721,723,51,171
547042.5,930664,821692,730551,825007,3307914,40,149,789,756,147,566
547045.3,578350,576047,634017,485973,2274387,3,31,203,119,16,245
548476.3,460215,723127,761326,467752,2412420,16,108,399,446,112,550
548477.4,457482,667582,708587,447588,2281239,18,162,522,409,136,823
548478.3,467132,677607,719567,456899,2321205,15,156,530,421,133,831
548479.6,410972,552935,505888,417475,1887270,10,68,323,277,62,351
549.24,908821,1224922,1119662,920309,4173714,20,117,684,533,103,498
552395.3,871015,682495,449756,706748,2710014,19,81,590,596,91,373
552396.3,873775,596792,447848,770332,2688744,17,70,579,371,66,250
552398.3,598262,817799,801504,569795,2787360,15,99,552,500,132,604
553171.3,627864,451945,383129,572793,2035731,23,106,629,498,81,350
553174.6,749259,592711,497300,712410,2551680,57,202,1131,1021,230,683
553175.3,482109,440624,433708,450834,1807275,25,79,565,329,99,364
553177.6,866473,522298,517296,734053,2640117,29,100,971,481,76,271
553178.3,718223,499758,470679,630295,2318955,24,87,950,605,133,384
553184.4,344961,371748,340560,367023,1424292,19,88,541,328,75,373
553190.4,374437,317847,257197,390856,1340334,23,73,467,361,46,264
553198.3,480660,439439,433303,449691,1803093,25,80,564,330,102,371
553204.6,423925,655838,632359,450290,2162409,29,141,437,491,167,732
553207.3,502036,688946,705237,481527,2377746,10,71,347,172,57,378
553212.3,746218,388528,311606,635681,2082033,22,86,660,388,55,187
553217.3,657087,535353,503623,604307,2300370,4,49,283,114,10,89
553218.4,634309,523135,454863,498139,2110443,4,21,228,85,14,56
553219.3,547200,459273,404848,428606,1839927,7,27,211,77,14,52
553220.3,545922,500246,431450,467684,1945290,4,12,147,94,11,41
553973.6,952965,979706,731961,765436,3430068,31,161,805,592,109,605
556261.3,1378784,1259964,911209,1154820,4704777,36,156,896,968,136,596
556266.3,1002327,1135977,1016799,1002675,4157775,24,140,723,594,130,764
556267.4,518253,317220,234563,464755,1534791,1,7,224,107,9,41
556268.6,530683,601846,563051,487820,2183400,2,45,230,176,31,342
556269.4,546493,556706,524899,499010,2127108,3,58,315,204,36,372
556270.3,1045319,565594,374078,947404,2932365,20,63,493,483,32,149
557436.4,539248,368180,310528,499760,1717716,27,73,409,387,69,242
561177.4,648979,292767,199940,497214,1638897,10,26,381,284,16,62
561180.13,356512,498771,477666,342422,1675371,7,59,207,208,52,376
561180.4,352851,494488,472536,338384,1658259,7,59,204,200,51,373
562.7382,392949,440505,393248,389485,1616187,10,68,345,222,50,331
562973.4,395526,845119,960543,397901,2599089,14,129,305,306,110,587
562982.3,565146,281708,189104,455693,1491651,13,43,381,441,28,110
562983.3,576148,270840,182737,457594,1487319,19,44,400,444,42,115
563008.3,800549,661387,592314,711309,2765559,42,163,920,725,163,611
563191.3,458949,480629,472313,445997,1857888,12,84,429,232,44,291
563192.3,723767,1081399,1134750,709500,3649416,11,82,479,408,111,748
563193.3,1295160,1194202,975761,1216737,4681860,39,130,735,1040,232,822
566550.8,1435481,1467961,1117783,1268159,5289384,29,162,931,892,140,886
566551.4,963281,1221003,1160575,944028,4288887,18,137,727,597,124,733
571.62,1406035,1856475,1746853,1383049,6392412,24,193,986,800,140,1053
575564.3,989499,696932,611306,980774,3278511,37,130,813,775,112,409
575565.3,1009072,715173,625159,1002013,3351417,35,133,842,780,107,410
575586.4,853912,664849,583369,837396,2939526,34,109,601,561,86,303
575587.3,866473,608758,522872,849773,2847876,31,128,773,634,93,353
575588.3,764864,646054,566876,754540,2732334,18,75,519,530,61,256
575589.3,754041,610197,535561,750017,2649816,28,100,535,568,90,312
575590.3,544372,413263,387673,431532,1776840,8,31,241,250,62,267
575593.3,1009795,644283,401702,815721,2871501,29,79,501,486,71,209
575594.3,449857,341649,291755,422340,1505601,15,58,339,309,40,192
575605.3,479317,277028,210409,446147,1412901,20,48,327,358,30,91
575609.3,531958,266737,164802,414343,1377840,11,40,280,336,34,105
575611.3,701273,727021,716866,601913,2747073,20,67,653,495,110,419
575614.3,671960,420301,365922,576264,2034447,28,134,726,622,85,372
575615.3,831778,742824,724516,679960,2979078,21,110,500,581,116,555
585054.5,1001812,1101166,980797,1003383,4087158,22,136,782,572,109,701
585199.3,447201,605018,537764,449747,2039730,3,37,178,272,47,246
585394.18,868373,902650,664759,736610,3172392,11,83,429,540,91,473
585501.3,625969,543004,402297,565867,2137122,8,71,540,471,81,320
585502.3,741372,688791,641065,629339,2700567,25,128,758,545,127,553
585503.3,400861,548465,494764,388748,1832838,11,100,465,309,79,593
585506.3,529137,368937,287415,507195,1692684,17,65,378,287,32,122
585524.3,421902,283051,239859,391397,1336209,9,43,351,267,28,113
585529.3,374995,627698,651691,359840,2014224,10,92,291,375,115,656
585530.3,481763,665537,656633,461682,2265615,41,284,715,548,144,779
585531.4,266824,602470,627407,263516,1760187,3,12,30,272,76,395
592010.4,0,0,0,0,0,0,0,0,0,0,0
592015.5,542413,510780,403999,486976,1944168,13,62,355,249,50,227
592026.3,483749,432767,424943,455949,1797408,22,74,478,369,68,216
592028.3,470031,433852,341228,426225,1671336,14,71,378,295,57,340
592031.3,328029,239599,159360,244019,971007,5,31,208,121,17,85
59505.5,336662,578970,585205,352062,1852899,5,111,397,224,73,434
59561.3,315452,604157,613103,310788,1843500,7,39,158,261,85,412
596315.3,596640,389947,261421,475099,1723107,13,44,309,412,47,137
596318.3,790714,637774,558727,783513,2770728,29,108,560,600,95,324
596323.3,769383,390279,236978,551938,1948575,19,58,466,490,61,157
596324.3,609065,534407,485339,559068,2187861,8,53,397,268,48,294
596328.3,456998,617301,547012,458949,2080260,3,44,191,271,47,243
596329.3,637523,395524,266548,492179,1791774,24,64,417,554,55,158
596330.3,580917,273533,186228,473005,1513683,10,40,378,328,23,90
608534.3,513710,682609,554936,467704,2218959,14,71,698,293,92,496
613026.4,701410,404203,315667,575394,1996668,6,23,539,107,19,67
61648.5,1260197,1509830,1382394,1260806,5413227,36,214,994,672,142,876
621372.3,983351,1190242,987290,923737,4084620,12,87,468,481,93,690
622312.4,1086891,860954,621736,889773,3459354,23,88,513,632,85,364
624.361,1011316,1138326,1020094,1000279,4159965,23,131,716,591,126,740
626369.3,583026,316626,229654,494837,1624143,12,75,628,312,36,179
626522.3,1139985,1025993,964428,1039063,4169469,33,137,1023,666,128,534
626523.3,458248,525234,444457,420445,1848384,15,95,501,362,99,515
626939.3,469657,490044,407182,459511,1826394,5,45,202,253,33,218
629741.3,512251,551400,610386,419795,2093832,2,23,214,70,9,107
629742.3,696235,343661,268705,597128,1905729,16,55,525,288,41,144
637909.5,638319,424476,354992,618508,2036295,22,83,692,450,52,226
638300.3,490883,589380,744396,382288,2206947,0,23,165,90,11,179
638301.3,559260,355741,280771,472390,1668162,28,106,655,457,78,280
638302.3,418806,581347,522487,409243,1931883,9,96,512,356,70,610
640132.3,466287,942463,941475,446867,2797092,4,46,178,383,116,781
641144.3,328890,451579,491405,311034,1582908,5,39,218,198,63,253
641146.3,380710,394559,371610,400989,1547868,28,154,806,403,103,446
641147.3,603114,468924,394710,564381,2031129,5,39,312,120,14,92
641149.3,521439,567761,590981,446075,2126256,6,35,168,104,15,170
645127.4,438897,621958,601653,442886,2105394,26,159,457,352,111,780
645512.3,316713,491643,454901,310867,1574124,14,82,363,427,120,551
649742.3,333092,632767,694693,346706,2007258,6,89,229,262,102,679
649743.3,375280,674475,686540,345987,2082282,15,147,493,287,100,749
649754.3,521106,681744,684279,537882,2425011,12,98,395,419,92,428
649757.3,876588,556763,383278,671823,2488452,22,69,464,610,54,203
649760.3,783617,643449,577947,697912,2702925,47,169,940,722,159,579
649761.3,718567,562248,479116,654448,2414379,46,177,872,841,176,649
649764.3,340500,564665,576401,337007,1818573,8,75,268,270,61,662
651822.3,358441,662548,604973,346370,1972326,4,25,157,384,101,397
655811.4,675190,294719,195739,511064,1676712,12,30,383,264,23,64
655812.3,506123,347176,301860,444141,1599300,6,43,416,173,16,109
657308.3,459619,865289,842099,429535,2596539,4,48,169,540,137,1006
657309.4,1538347,1200237,998590,1378468,5115630,42,153,1101,1015,169,759
657310.3,814864,517224,417367,711958,2461413,16,53,531,383,42,194
657313.3,921618,705278,487393,750393,2864682,30,127,703,932,128,506
657314.3,1014696,798680,610712,833813,3257901,26,103,776,822,121,489
657316.3,628449,336057,255063,585399,1804968,9,53,410,271,39,171
657319.3,748042,612615,522541,593458,2476656,29,148,757,531,120,565
657321.5,600024,439282,384702,517592,1941591,37,274,1035,427,109,686
657322.3,607648,788064,752688,540854,2689251,15,49,244,519,84,372
657323.3,900339,776129,593960,758639,3029067,29,137,769,747,123,532
657324.3,869979,620674,450011,792501,2733165,39,123,877,845,106,330
658081.3,814095,643758,438710,645388,2541951,25,89,527,565,118,428
658082.3,957610,779544,529636,765790,3032577,27,132,639,727,107,454
658083.3,808030,573092,384046,671102,2436270,12,95,710,437,58,313
658085.3,863326,808880,590800,694568,2957574,12,65,437,629,88,315
658086.3,1894527,1843282,1407059,1692198,6837066,27,202,1404,910,132,837
658088.3,808249,645091,421955,656714,2532009,19,88,589,563,96,358
658089.3,927539,590515,409899,715026,2642979,22,72,499,650,63,240
658655.3,846992,787330,541524,690291,2866137,24,74,392,518,85,400
658659.3,1101456,928182,696637,976931,3703203,8,121,847,334,47,467
658664.3,817350,1474190,1463483,804005,4559025,6,64,289,568,147,920
661087.3,312068,600913,631232,294139,1838352,3,27,139,300,100,321
665937.3,875312,751851,555200,702521,2884881,24,99,653,564,99,417
665949.3,1066285,764420,618977,952807,3402489,48,175,1096,745,154,639
665950.3,869212,692956,471280,690771,2724216,23,97,545,608,114,460
665951.3,811004,640892,437118,642995,2532003,24,88,521,567,121,431
665952.3,801454,586982,471349,695924,2555709,11,85,630,389,69,366
665956.3,817253,1113665,982443,753584,3666945,8,84,507,373,59,387
665959.3,1533916,1146066,912181,1331698,4923855,53,179,1127,948,171,645
666.1992,1194377,1067026,958575,1143069,4363047,36,179,1102,729,130,594
667128.3,622882,405969,341282,581427,1951560,12,72,523,219,27,186
667129.3,928374,1291112,1198377,912814,4330677,10,66,444,437,74,464
673.5,889477,920685,841451,850002,3501615,13,128,706,383,77,475
676.24,1058129,1132746,1033208,1025933,4250016,42,234,1140,753,146,794
679189.3,714261,547087,474799,612235,2348382,25,117,611,501,94,368
679190.3,727694,624258,566576,616973,2535501,18,124,683,505,111,483
679191.3,690432,434757,346307,609838,2081334,26,83,534,457,82,269
679192.3,414427,275891,186968,384688,1261974,16,42,294,291,35,133
679197.3,478685,1033572,1026169,460308,2998731,4,31,100,454,125,814
679199.3,617453,519627,516462,562075,2215617,46,159,893,683,168,610
679935.3,727723,931107,945707,620946,3225483,6,44,331,505,128,523
682184.3,868631,407937,315870,724922,2317360,20,73,515,497,49,209
685782.3,375108,247310,206432,389417,1218267,18,63,504,250,42,211
688246.3,783799,735890,717267,690072,2927022,34,131,1047,694,188,618
693988.3,724166,1085828,1133530,714238,3657759,10,81,430,408,107,732
698737.3,793915,426432,348396,683552,2252295,12,60,470,280,29,137
699218.3,420833,412396,302801,393628,1529658,2,31,225,107,14,128
699246.3,453071,394684,328025,434887,1610667,10,38,235,256,41,184
702443.3,1792685,1393464,1165375,1594260,5945784,46,181,1269,1134,205,883
702450.3,834945,496262,361121,767729,2460057,22,104,786,419,42,209
706433.3,599319,377738,288831,524338,1790226,29,82,546,566,89,247
706436.3,1749304,1495637,1306793,1522639,6074373,36,129,1010,997,174,680
706439.3,352369,723250,816163,354573,2246355,12,134,343,293,96,557
707232.3,844467,619155,532893,828111,2824623,40,132,714,562,90,348
710686.3,1105422,2094281,2065866,1085794,6351363,26,175,561,886,211,1501
712357.3,853848,438502,259664,614964,2166978,14,45,365,675,38,112
712411.3,515979,872484,837433,513686,2739582,14,115,523,465,144,766
712938.3,443905,465195,467755,387709,1759761,5,35,155,289,36,192
713605.5,397195,217246,156817,367311,1138569,3,12,194,189,13,45
714315.3,814112,413063,249773,575778,2052726,20,65,494,466,58,167
717608.3,823175,890898,697322,688865,3100257,37,211,975,646,146,766
717959.3,704611,932298,944807,606372,3188088,7,40,272,549,141,609
717960.3,451047,295897,219842,392502,1359285,21,62,348,264,42,152
717961.3,724967,598802,511605,577331,2412705,27,146,753,519,124,557
717962.3,887554,767453,560938,793421,3009366,28,124,724,532,71,394
718252.3,604827,791823,808819,529688,2735157,13,66,328,552,105,460
718255.3,1132637,928921,658456,929177,3649191,13,63,391,584,65,303
72758.6,773117,400923,321404,655211,2150655,23,93,689,400,57,190
732.8,629729,490435,439976,595936,2156076,9,75,460,212,41,270
742159.3,921189,1730899,1745411,910797,5308293,6,57,206,517,107,845
742723.3,682872,478633,304769,529203,1995477,14,61,439,402,73,269
742740.3,1265241,1250588,955001,1087439,4558260,22,162,885,684,123,742
742743.3,493007,498888,474784,435258,1901937,6,53,442,246,46,271
742766.3,1445290,1003236,835823,1210917,4495266,40,192,1160,850,152,661
742767.3,1167506,745402,605912,983467,3502287,44,154,975,743,131,489
742821.3,535475,705416,708491,566301,2515683,18,161,907,423,104,692
74704.5,866853,449098,348340,728180,2392216,16,62,456,288,40,149
748224.3,540830,719478,695002,483786,2439096,5,45,234,475,62,331
748671.3,571857,370240,297124,537352,1776573,13,45,345,316,34,122
749219.3,461192,366951,326949,458152,1613244,2,20,167,90,8,42
749551.3,425875,606123,555627,396974,1984599,7,87,427,265,64,551
751585.3,713881,630034,449255,567497,2360658,81,281,1002,632,173,632
754027.3,744008,519551,447918,658025,2369502,10,53,578,244,37,179
758847.3,1001659,741346,679654,916425,3339084,86,331,1905,955,268,1228
759851.3,929163,738066,576591,821223,3065043,27,102,634,538,103,417
760570.3,546770,414534,366693,505729,1833726,16,96,786,422,69,322
76123.5,708316,622461,581005,624955,2536737,34,151,876,433,123,484
762948.4,462132,586033,567539,482298,2098002,40,192,676,465,135,731
762965.3,512571,347437,292276,488425,1640709,11,77,520,210,35,211
762966.3,637283,608232,600626,609644,2455785,37,199,1028,785,196,907
762967.3,332647,606047,641440,309698,1889832,3,52,327,232,60,450
762968.3,998240,996634,847053,887244,3729171,19,77,516,631,125,510
762982.3,906107,912333,775350,812386,3406176,22,72,437,560,116,460
762983.3,584271,435447,393837,589962,2003517,18,107,531,421,57,299
762984.3,954656,833940,738268,852321,3379185,38,124,617,693,146,572
763034.3,1087456,963336,846333,977357,3874482,23,102,643,773,136,578
764291.3,649134,357554,294945,585358,1886991,27,85,709,448,63,204
764299.3,610515,402703,351016,579136,1943364,21,104,708,456,72,305
766154.3,1655405,1937992,1742834,1659649,6995841,31,290,1295,927,184,1329
767031.3,647551,653996,630156,545085,2476788,24,101,711,683,176,639
76832.7,1352435,768615,570331,1141380,3832758,48,153,1052,1404,179,540
797473.3,481711,568060,714936,394693,2159400,3,36,168,93,17,166
797515.3,652082,577896,542630,616085,2388693,33,150,837,380,76,394
797516.3,719121,551551,483008,683379,2437059,41,152,755,463,88,345
813.74,384301,288864,258358,385960,1317468,16,86,576,390,80,385
818.23,1750024,1379001,1178853,1546295,5854173,66,215,1469,1334,254,929
81858.4,783899,1659698,1638774,758322,4840693,8,98,319,672,163,1175
824.5,562489,511093,440353,481278,1995213,3,12,154,99,9,40
85698.28,999229,2054119,2123665,971934,6148947,5,42,218,657,165,1095
861450.3,398986,419742,363160,386554,1568442,9,104,492,172,47,438
861454.3,880097,599335,388094,711292,2578818,20,84,536,421,53,193
862512.3,401100,599459,627539,402539,2030637,7,50,200,293,66,253
862514.3,505797,393547,333181,451660,1684185,9,42,267,246,32,138
862515.4,602957,521688,523025,501206,2148876,21,84,617,411,93,415
862517.3,694655,358515,274448,500045,1827663,11,30,457,539,58,138
864563.3,472338,665934,604479,448452,2191203,8,87,487,379,73,675
864564.3,337571,461288,500080,318121,1617060,5,40,228,205,63,267
864565.3,753819,407357,289971,569989,2021136,18,49,518,308,37,106
864569.5,554896,366742,305447,540623,1767708,18,67,589,387,43,187
866771.4,811798,554622,495167,676785,2538372,32,136,739,576,125,428
866774.4,313721,316820,297538,319810,1247889,4,33,266,97,19,121
866775.3,535628,397061,370062,487820,1790571,23,68,486,317,74,236
866777.3,407456,587496,603800,399239,1997991,4,40,239,270,68,549
866778.4,571925,408051,332787,545845,1858608,13,61,296,331,57,292
868129.3,666782,479188,406559,604504,2157033,24,119,683,523,86,380
871237.3,468144,329234,284150,442028,1523556,30,101,703,488,91,310
871571.3,468923,627895,560830,468386,2126034,7,47,199,266,45,254
872328.3,578480,337561,278609,528523,1723173,14,42,476,384,33,96
873513.3,712667,733173,723042,609769,2778651,24,72,643,530,115,403
873533.3,725884,601799,533401,626036,2487120,23,101,470,563,108,473
875093.3,593054,376777,316014,555510,1841355,20,69,645,419,60,211
879305.3,578007,292346,214912,437586,1522851,18,38,372,493,54,115
883067.3,336967,556345,557561,357662,1808535,12,137,480,220,68,495
883069.3,357409,508865,464566,369146,1699986,12,83,252,328,81,435
883080.3,702334,1132303,1123733,712247,3670617,21,207,785,486,148,1170
883081.3,436324,349489,343201,386934,1515948,14,43,250,209,48,131
883109.3,552988,401927,287646,443313,1685868,43,121,576,486,102,325
883126.3,932361,1752124,1807540,842119,5334144,5,38,163,626,148,941
883158.3,626522,473523,497447,486797,2084289,28,139,802,533,132,469
883163.3,834784,1564051,1572300,840154,4811289,2,39,233,181,23,300
883165.3,601587,277142,186318,492544,1557591,9,16,232,247,18,31
887324.3,603993,441195,370058,563578,1978824,15,79,545,256,53,260
887325.3,911805,600647,377680,740613,2630745,19,75,426,461,51,169
887327.3,462090,430878,385913,424465,1703346,2,16,104,64,9,68
887898.3,466361,886486,908795,449986,2711628,2,21,148,341,103,436
887929.3,506771,576600,506841,465355,2055567,6,55,335,135,30,241
888050.3,345921,546850,596121,358262,1847154,28,167,522,329,121,745
888051.3,321633,738317,792115,312978,2165043,8,54,101,291,120,565
888052.3,332048,655947,707446,338376,2033817,10,123,292,242,96,737
888056.4,349902,803227,877795,374326,2405250,6,118,305,248,92,679
888057.3,519927,408921,365501,489112,1783461,6,61,428,151,19,203
888059.3,718715,436215,387993,638053,2180976,31,99,919,594,117,379
888060.3,535000,733622,655488,503490,2427600,17,113,580,424,105,687
888062.3,404875,230793,170609,307122,1113399,10,31,236,157,29,99
888063.3,937384,1245597,1155926,908901,4247808,16,116,597,575,136,765
888064.3,636367,438106,361231,560412,1996116,17,49,407,235,41,170
888728.3,531260,355051,298628,499087,1684026,14,59,456,208,37,197
888741.3,462618,530603,540724,400653,1934598,3,30,140,69,18,139
888742.3,462079,566568,709809,361613,2100069,2,8,140,68,11,115
888743.3,637275,678578,652493,528740,2497086,23,114,580,677,165,633
888746.3,451598,312674,271323,425168,1460763,31,110,695,460,87,324
888826.3,518211,310063,226097,471366,1525737,5,27,415,132,16,50
888832.3,794315,592522,519928,712115,2618880,49,169,925,634,144,516
888833.3,548922,417944,373344,510817,1851027,32,104,770,448,86,334
889204.3,513958,350153,303674,474421,1642206,36,101,770,506,101,319
904293.3,509907,418424,393164,499406,1820901,29,124,790,482,106,412
904306.3,513984,370164,322433,505501,1712082,18,96,768,482,67,320
908337.3,469062,323522,286066,450951,1529601,6,51,412,245,22,124
908338.3,591159,323039,249295,463692,1627185,20,49,480,536,70,148
908339.3,470776,483102,459278,427659,1840815,17,80,313,334,60,319
908612.3,675654,889240,905197,579277,3049368,4,38,283,490,120,487
908937.4,658819,796112,838095,559992,2853018,22,79,549,593,142,566
908937.9,704478,834982,874657,598279,3012396,23,80,571,611,142,571
910310.3,838018,501065,363139,773618,2475840,24,104,766,434,44,213
910313.3,595215,377101,316135,557374,1845825,18,67,636,418,57,206
910314.3,452414,257588,191553,333413,1234968,9,31,248,155,29,103
93220.25,820042,1570331,1546876,835058,4772307,6,60,459,560,136,980
936047.3,411367,650760,659060,451512,2172699,19,146,444,356,119,717
944559.3,1234125,1483450,1339420,1131859,5188854,32,185,942,593,148,1280
944560.4,400307,856085,976029,397985,2630406,11,119,271,310,104,538
944564.4,451699,328987,250245,410632,1441563,14,61,215,281,39,177
946235.3,942439,684773,533558,800659,2961429,18,74,572,471,68,350
947828.9,382293,368582,328695,384088,1463544,8,58,267,183,25,139
981324.3,1232070,848013,730015,1187465,3997557,32,138,1043,707,99,378
981333.4,695569,550998,478611,677339,2402514,22,99,539,463,70,254
981333.9,731177,575534,501900,709776,2496475,21,99,564,478,70,260
981336.4,895197,676366,580674,897356,3049593,21,103,689,491,67,284
981336.6,900217,676642,582822,899062,3048018,21,107,703,495,70,287
996804.3,1103080,787396,712126,1007271,3609852,85,363,2290,1141,271,1222
996805.3,1045253,770942,702539,952290,3471024,83,334,1922,984,281,1238
997346.3,707428,911861,760351,665945,3045585,15,123,630,296,98,673
997347.4,692825,305481,174834,538420,1711560,17,56,411,433,37,123
997348.4,549180,550353,611966,464035,2175534,5,33,190,102,14,177
997352.4,684122,510296,466438,553861,2214717,34,116,506,645,132,468
997353.4,836022,518294,449812,690189,2494317,36,121,638,751,137,434
997829.3,408093,494774,572850,399316,1875033,10,28,251,381,114,211
997830.4,502427,348791,304183,462700,1618101,33,105,777,508,92,318
997872.3,365315,393712,360218,402835,1522080,10,54,593,300,46,221
997884.3,1531044,1160737,950260,1401457,5043498,34,200,1383,1039,169,745
997887.3,1529254,1206910,996623,1382450,5115237,39,181,1260,915,155,761
997889.3,1228057,1101931,990031,1083504,4403523,27,111,636,930,203,735
997894.4,1504282,1612124,1261626,1304925,5682957,33,189,1234,720,120,692
999415.3,595060,327853,220882,538710,1682505,8,54,603,348,33,141
999418.3,1740485,1437920,1222929,1560809,5962143,37,155,941,1211,218,842
999419.3,1162433,1025179,879068,1048936,4115616,35,125,639,814,166,657
999422.3,748514,685135,643127,648547,2725323,28,121,711,586,125,537
999423.3,390817,582981,535625,366294,1875717,5,72,384,244,59,536
999892.3,432922,685016,694699,473621,2286258,24,185,487,344,115,693
